Date,Close,Date,Close,Date,Close,Date,Close,Date,Close,Date,Close,Date,Close,Date,Close
1/21/2020 16:00:00,104.58,1/21/2020 16:00:00,18.09,1/21/2020 16:00:00,47.82,1/21/2020 16:00:00,143.56,1/21/2020 16:00:00,47.3,1/21/2020 16:00:00,11.66,1/21/2020 16:00:00,141.86,1/21/2020 16:00:00,38.52
1/22/2020 16:00:00,104.49,1/22/2020 16:00:00,18.31,1/22/2020 16:00:00,47.9,1/22/2020 16:00:00,144.01,1/22/2020 16:00:00,47.44,1/22/2020 16:00:00,11.37,1/22/2020 16:00:00,143.38,1/22/2020 16:00:00,39.04
1/23/2020 16:00:00,103.02,1/23/2020 16:00:00,18.78,1/23/2020 16:00:00,46.96,1/23/2020 16:00:00,142.2,1/23/2020 16:00:00,45.65,1/23/2020 16:00:00,11.77,1/23/2020 16:00:00,143.65,1/23/2020 16:00:00,38.63
1/24/2020 16:00:00,102.03,1/24/2020 16:00:00,18.61,1/24/2020 16:00:00,45.93,1/24/2020 16:00:00,140.08,1/24/2020 16:00:00,44.59,1/24/2020 16:00:00,11.71,1/24/2020 16:00:00,142.92,1/24/2020 16:00:00,38.5
1/27/2020 16:00:00,100.24,1/27/2020 16:00:00,18.45,1/27/2020 16:00:00,46.47,1/27/2020 16:00:00,135.9,1/27/2020 16:00:00,44,1/27/2020 16:00:00,11.44,1/27/2020 16:00:00,142.14,1/27/2020 16:00:00,38.25
1/28/2020 16:00:00,100.41,1/28/2020 16:00:00,18.68,1/28/2020 16:00:00,46.23,1/28/2020 16:00:00,138.37,1/28/2020 16:00:00,44.04,1/28/2020 16:00:00,11.73,1/28/2020 16:00:00,142.44,1/28/2020 16:00:00,38.58
1/29/2020 16:00:00,99.84,1/29/2020 16:00:00,18.68,1/29/2020 16:00:00,46.33,1/29/2020 16:00:00,136.06,1/29/2020 16:00:00,43.32,1/29/2020 16:00:00,12.94,1/29/2020 16:00:00,141.73,1/29/2020 16:00:00,37.05
1/30/2020 16:00:00,98.19,1/30/2020 16:00:00,18.55,1/30/2020 16:00:00,45.43,1/30/2020 16:00:00,137.81,1/30/2020 16:00:00,44.14,1/30/2020 16:00:00,12.73,1/30/2020 16:00:00,143.83,1/30/2020 16:00:00,37.43
1/31/2020 16:00:00,96.3,1/31/2020 16:00:00,17.96,1/31/2020 16:00:00,44.23,1/31/2020 16:00:00,138.31,1/31/2020 16:00:00,43.19,1/31/2020 16:00:00,12.45,1/31/2020 16:00:00,142.02,1/31/2020 16:00:00,37.62
2/3/2020 16:00:00,99.27,2/3/2020 16:00:00,17.98,2/3/2020 16:00:00,43.91,2/3/2020 16:00:00,141.32,2/3/2020 16:00:00,42.66,2/3/2020 16:00:00,12.26,2/3/2020 16:00:00,142.51,2/3/2020 16:00:00,36.96
2/4/2020 16:00:00,101.38,2/4/2020 16:00:00,18.42,2/4/2020 16:00:00,43.61,2/4/2020 16:00:00,144.73,2/4/2020 16:00:00,44.28,2/4/2020 16:00:00,12.58,2/4/2020 16:00:00,143.22,2/4/2020 16:00:00,37.63
2/5/2020 16:00:00,100.54,2/5/2020 16:00:00,18.5,2/5/2020 16:00:00,45.45,2/5/2020 16:00:00,141.37,2/5/2020 16:00:00,44.59,2/5/2020 16:00:00,12.86,2/5/2020 16:00:00,144.3,2/5/2020 16:00:00,37.81
2/6/2020 16:00:00,100.27,2/6/2020 16:00:00,18.4,2/6/2020 16:00:00,45.92,2/6/2020 16:00:00,142.7,2/6/2020 16:00:00,44.6,2/6/2020 16:00:00,12.95,2/6/2020 16:00:00,144.33,2/6/2020 16:00:00,38.44
2/7/2020 16:00:00,99.44,2/7/2020 16:00:00,17.97,2/7/2020 16:00:00,44.22,2/7/2020 16:00:00,141.02,2/7/2020 16:00:00,44.74,2/7/2020 16:00:00,12.83,2/7/2020 16:00:00,145.37,2/7/2020 16:00:00,38.45
2/10/2020 16:00:00,100.02,2/10/2020 16:00:00,18.15,2/10/2020 16:00:00,43.75,2/10/2020 16:00:00,142.59,2/10/2020 16:00:00,44.66,2/10/2020 16:00:00,12.91,2/10/2020 16:00:00,145.66,2/10/2020 16:00:00,38.34
2/11/2020 16:00:00,100.02,2/11/2020 16:00:00,15.12,2/11/2020 16:00:00,44.06,2/11/2020 16:00:00,141.01,2/11/2020 16:00:00,44.79,2/11/2020 16:00:00,12.85,2/11/2020 16:00:00,146.08,2/11/2020 16:00:00,38.17
2/12/2020 16:00:00,103,2/12/2020 16:00:00,15.45,2/12/2020 16:00:00,45.21,2/12/2020 16:00:00,141.85,2/12/2020 16:00:00,46.02,2/12/2020 16:00:00,13.16,2/12/2020 16:00:00,146.08,2/12/2020 16:00:00,38.04
2/13/2020 16:00:00,103.37,2/13/2020 16:00:00,15.13,2/13/2020 16:00:00,44.77,2/13/2020 16:00:00,140.9,2/13/2020 16:00:00,46.07,2/13/2020 16:00:00,12.94,2/13/2020 16:00:00,146.47,2/13/2020 16:00:00,38.31
2/14/2020 16:00:00,103.54,2/14/2020 16:00:00,15.45,2/14/2020 16:00:00,44.07,2/14/2020 16:00:00,139.54,2/14/2020 16:00:00,46.09,2/14/2020 16:00:00,12.83,2/14/2020 16:00:00,146.99,2/14/2020 16:00:00,38.25
2/18/2020 16:00:00,102,2/18/2020 16:00:00,15,2/18/2020 16:00:00,43.46,2/18/2020 16:00:00,139.14,2/18/2020 16:00:00,46.15,2/18/2020 16:00:00,12.75,2/18/2020 16:00:00,145.6,2/18/2020 16:00:00,38.26
2/19/2020 16:00:00,102.46,2/19/2020 16:00:00,14.96,2/19/2020 16:00:00,43.31,2/19/2020 16:00:00,141.3,2/19/2020 16:00:00,45.97,2/19/2020 16:00:00,12.61,2/19/2020 16:00:00,145.53,2/19/2020 16:00:00,38.44
2/20/2020 16:00:00,102.53,2/20/2020 16:00:00,14.94,2/20/2020 16:00:00,43.43,2/20/2020 16:00:00,140.37,2/20/2020 16:00:00,46.02,2/20/2020 16:00:00,12.53,2/20/2020 16:00:00,145.16,2/20/2020 16:00:00,38.61
2/21/2020 16:00:00,100.25,2/21/2020 16:00:00,14.57,2/21/2020 16:00:00,42.36,2/21/2020 16:00:00,138.97,2/21/2020 16:00:00,45.82,2/21/2020 16:00:00,12.25,2/21/2020 16:00:00,145.85,2/21/2020 16:00:00,38.55
2/24/2020 16:00:00,95.91,2/24/2020 16:00:00,14.14,2/24/2020 16:00:00,41.4,2/24/2020 16:00:00,133.01,2/24/2020 16:00:00,44.6,2/24/2020 16:00:00,11.86,2/24/2020 16:00:00,142.64,2/24/2020 16:00:00,38.05
2/25/2020 16:00:00,92.9,2/25/2020 16:00:00,13.46,2/25/2020 16:00:00,40.71,2/25/2020 16:00:00,128.19,2/25/2020 16:00:00,43.17,2/25/2020 16:00:00,11.32,2/25/2020 16:00:00,141.1,2/25/2020 16:00:00,37.35
2/26/2020 16:00:00,92,2/26/2020 16:00:00,13.04,2/26/2020 16:00:00,38.87,2/26/2020 16:00:00,123.36,2/26/2020 16:00:00,42.22,2/26/2020 16:00:00,10.95,2/26/2020 16:00:00,141.98,2/26/2020 16:00:00,37.1
2/27/2020 16:00:00,88.55,2/27/2020 16:00:00,12.55,2/27/2020 16:00:00,37.55,2/27/2020 16:00:00,118.04,2/27/2020 16:00:00,41.05,2/27/2020 16:00:00,10.39,2/27/2020 16:00:00,136.37,2/27/2020 16:00:00,35.73
2/28/2020 16:00:00,89.38,2/28/2020 16:00:00,12.48,2/28/2020 16:00:00,36.41,2/28/2020 16:00:00,117.65,2/28/2020 16:00:00,40.43,2/28/2020 16:00:00,10.88,2/28/2020 16:00:00,132.03,2/28/2020 16:00:00,35.22
3/2/2020 16:00:00,92.68,3/2/2020 16:00:00,12.49,3/2/2020 16:00:00,36.48,3/2/2020 16:00:00,119.98,3/2/2020 16:00:00,42.52,3/2/2020 16:00:00,11.21,3/2/2020 16:00:00,137.58,3/2/2020 16:00:00,37.18
3/3/2020 16:00:00,90.93,3/3/2020 16:00:00,12.2,3/3/2020 16:00:00,35.17,3/3/2020 16:00:00,116.45,3/3/2020 16:00:00,41.44,3/3/2020 16:00:00,10.88,3/3/2020 16:00:00,135.58,3/3/2020 16:00:00,36.3
3/4/2020 16:00:00,93.79,3/4/2020 16:00:00,12.39,3/4/2020 16:00:00,35.95,3/4/2020 16:00:00,119.18,3/4/2020 16:00:00,42.5,3/4/2020 16:00:00,10.95,3/4/2020 16:00:00,142.39,3/4/2020 16:00:00,38.18
3/5/2020 16:00:00,90.58,3/5/2020 16:00:00,11.73,3/5/2020 16:00:00,34.16,3/5/2020 16:00:00,113.98,3/5/2020 16:00:00,40.77,3/5/2020 16:00:00,10.08,3/5/2020 16:00:00,138.1,3/5/2020 16:00:00,37.18
3/6/2020 16:00:00,88.36,3/6/2020 16:00:00,11.14,3/6/2020 16:00:00,34.98,3/6/2020 16:00:00,115.27,3/6/2020 16:00:00,40.37,3/6/2020 16:00:00,9.4,3/6/2020 16:00:00,137.26,3/6/2020 16:00:00,37.03
3/9/2020 16:00:00,84.11,3/9/2020 16:00:00,9.91,3/9/2020 16:00:00,34.48,3/9/2020 16:00:00,104.35,3/9/2020 16:00:00,37.88,3/9/2020 16:00:00,8.21,3/9/2020 16:00:00,130.16,3/9/2020 16:00:00,34.69
3/10/2020 16:00:00,88.3,3/10/2020 16:00:00,10.29,3/10/2020 16:00:00,35.87,3/10/2020 16:00:00,111.46,3/10/2020 16:00:00,39.1,3/10/2020 16:00:00,8.85,3/10/2020 16:00:00,134.14,3/10/2020 16:00:00,35.85
3/11/2020 16:00:00,84,3/11/2020 16:00:00,9.99,3/11/2020 16:00:00,30.56,3/11/2020 16:00:00,105.51,3/11/2020 16:00:00,37.91,3/11/2020 16:00:00,8.21,3/11/2020 16:00:00,129.75,3/11/2020 16:00:00,34.52
3/12/2020 16:00:00,74.2,3/12/2020 16:00:00,8.75,3/12/2020 16:00:00,27,3/12/2020 16:00:00,91.81,3/12/2020 16:00:00,34.94,3/12/2020 16:00:00,7.23,3/12/2020 16:00:00,115.34,3/12/2020 16:00:00,31.33
3/13/2020 16:00:00,75.58,3/13/2020 16:00:00,9.48,3/13/2020 16:00:00,26.92,3/13/2020 16:00:00,102.52,3/13/2020 16:00:00,39.33,3/13/2020 16:00:00,7.85,3/13/2020 16:00:00,127.45,3/13/2020 16:00:00,34.47
3/16/2020 16:00:00,66.79,3/16/2020 16:00:00,8.33,3/16/2020 16:00:00,21.19,3/16/2020 16:00:00,95.01,3/16/2020 16:00:00,36.04,3/16/2020 16:00:00,6.66,3/16/2020 16:00:00,113.09,3/16/2020 16:00:00,31.81
3/17/2020 16:00:00,69.84,3/17/2020 16:00:00,8.96,3/17/2020 16:00:00,18.6,3/17/2020 16:00:00,93.53,3/17/2020 16:00:00,38.22,3/17/2020 16:00:00,7.08,3/17/2020 16:00:00,127.72,3/17/2020 16:00:00,33.74
3/18/2020 16:00:00,68.04,3/18/2020 16:00:00,7.39,3/18/2020 16:00:00,16.87,3/18/2020 16:00:00,88.8,3/18/2020 16:00:00,35.68,3/18/2020 16:00:00,6.6,3/18/2020 16:00:00,120.92,3/18/2020 16:00:00,32.85
3/19/2020 16:00:00,70.34,3/19/2020 16:00:00,8.01,3/19/2020 16:00:00,18.61,3/19/2020 16:00:00,94.93,3/19/2020 16:00:00,35.94,3/19/2020 16:00:00,6.48,3/19/2020 16:00:00,117.34,3/19/2020 16:00:00,31.15
3/20/2020 16:00:00,67.45,3/20/2020 16:00:00,7.23,3/20/2020 16:00:00,16.81,3/20/2020 16:00:00,85.98,3/20/2020 16:00:00,33.37,3/20/2020 16:00:00,6.52,3/20/2020 16:00:00,103.93,3/20/2020 16:00:00,28.45
3/23/2020 16:00:00,62.8,3/23/2020 16:00:00,7.14,3/23/2020 16:00:00,17.03,3/23/2020 16:00:00,85.76,3/23/2020 16:00:00,34.17,3/23/2020 16:00:00,6.11,3/23/2020 16:00:00,105.18,3/23/2020 16:00:00,26.77
3/24/2020 16:00:00,72.33,3/24/2020 16:00:00,8.01,3/24/2020 16:00:00,19.55,3/24/2020 16:00:00,98.12,3/24/2020 16:00:00,34.64,3/24/2020 16:00:00,7.01,3/24/2020 16:00:00,113.84,3/24/2020 16:00:00,28.09
3/25/2020 16:00:00,79.01,3/25/2020 16:00:00,8.24,3/25/2020 16:00:00,20.88,3/25/2020 16:00:00,100.73,3/25/2020 16:00:00,33.57,3/25/2020 16:00:00,7.56,3/25/2020 16:00:00,112.5,3/25/2020 16:00:00,28.4
3/26/2020 16:00:00,84.3,3/26/2020 16:00:00,8.76,3/26/2020 16:00:00,21.99,3/26/2020 16:00:00,105.36,3/26/2020 16:00:00,36.74,3/26/2020 16:00:00,8.12,3/26/2020 16:00:00,120.26,3/26/2020 16:00:00,30.6
3/27/2020 16:00:00,83.23,3/27/2020 16:00:00,8.32,3/27/2020 16:00:00,21.74,3/27/2020 16:00:00,96.4,3/27/2020 16:00:00,34.57,3/27/2020 16:00:00,7.62,3/27/2020 16:00:00,120.46,3/27/2020 16:00:00,29.84
3/30/2020 16:00:00,85.38,3/30/2020 16:00:00,8.41,3/30/2020 16:00:00,22.14,3/30/2020 16:00:00,99.8,3/30/2020 16:00:00,35.49,3/30/2020 16:00:00,7.89,3/30/2020 16:00:00,125.48,3/30/2020 16:00:00,30.23
3/31/2020 16:00:00,82.74,3/31/2020 16:00:00,8.06,3/31/2020 16:00:00,21.26,3/31/2020 16:00:00,96.6,3/31/2020 16:00:00,34.38,3/31/2020 16:00:00,7.94,3/31/2020 16:00:00,120.1,3/31/2020 16:00:00,29.15
4/1/2020 16:00:00,79.23,4/1/2020 16:00:00,7.45,4/1/2020 16:00:00,17.78,4/1/2020 16:00:00,94.92,4/1/2020 16:00:00,32.42,4/1/2020 16:00:00,7.04,4/1/2020 16:00:00,118.12,4/1/2020 16:00:00,28.05
4/2/2020 16:00:00,80.14,4/2/2020 16:00:00,6.89,4/2/2020 16:00:00,18.71,4/2/2020 16:00:00,96.97,4/2/2020 16:00:00,34.37,4/2/2020 16:00:00,6.9,4/2/2020 16:00:00,123.86,4/2/2020 16:00:00,28.76
4/3/2020 16:00:00,78.86,4/3/2020 16:00:00,7.48,4/3/2020 16:00:00,18.32,4/3/2020 16:00:00,93.88,4/3/2020 16:00:00,33.95,4/3/2020 16:00:00,6.73,4/3/2020 16:00:00,124.59,4/3/2020 16:00:00,27.46
4/6/2020 16:00:00,84.63,4/6/2020 16:00:00,8,4/6/2020 16:00:00,22.19,4/6/2020 16:00:00,99.58,4/6/2020 16:00:00,36.23,4/6/2020 16:00:00,7.23,4/6/2020 16:00:00,131.16,4/6/2020 16:00:00,29.44
4/7/2020 16:00:00,84.16,4/7/2020 16:00:00,8.39,4/7/2020 16:00:00,23.85,4/7/2020 16:00:00,101.24,4/7/2020 16:00:00,36.94,4/7/2020 16:00:00,7.03,4/7/2020 16:00:00,130.48,4/7/2020 16:00:00,30.08
4/8/2020 16:00:00,85.3,4/8/2020 16:00:00,8.64,4/8/2020 16:00:00,25.43,4/8/2020 16:00:00,101.07,4/8/2020 16:00:00,37.68,4/8/2020 16:00:00,7.3,4/8/2020 16:00:00,132.61,4/8/2020 16:00:00,29.89
4/9/2020 16:00:00,86.79,4/9/2020 16:00:00,9.35,4/9/2020 16:00:00,27.58,4/9/2020 16:00:00,104.5,4/9/2020 16:00:00,38,4/9/2020 16:00:00,7.14,4/9/2020 16:00:00,133.63,4/9/2020 16:00:00,30.73
4/13/2020 16:00:00,84.46,4/13/2020 16:00:00,8.73,4/13/2020 16:00:00,24.9,4/13/2020 16:00:00,103.5,4/13/2020 16:00:00,37.19,4/13/2020 16:00:00,7.02,4/13/2020 16:00:00,130.89,4/13/2020 16:00:00,30.19
4/14/2020 16:00:00,87.47,4/14/2020 16:00:00,8.97,4/14/2020 16:00:00,26.21,4/14/2020 16:00:00,106.03,4/14/2020 16:00:00,38.52,4/14/2020 16:00:00,6.93,4/14/2020 16:00:00,138.4,4/14/2020 16:00:00,31.13
4/15/2020 16:00:00,85.04,4/15/2020 16:00:00,8.65,4/15/2020 16:00:00,25.11,4/15/2020 16:00:00,103.37,4/15/2020 16:00:00,37.16,4/15/2020 16:00:00,6.5,4/15/2020 16:00:00,135.03,4/15/2020 16:00:00,30.09
4/16/2020 16:00:00,86.3,4/16/2020 16:00:00,8.36,4/16/2020 16:00:00,24.75,4/16/2020 16:00:00,102.02,4/16/2020 16:00:00,37.83,4/16/2020 16:00:00,6.24,4/16/2020 16:00:00,135.64,4/16/2020 16:00:00,30.16
4/17/2020 16:00:00,89.91,4/17/2020 16:00:00,8.89,4/17/2020 16:00:00,26.49,4/17/2020 16:00:00,106.63,4/17/2020 16:00:00,38.08,4/17/2020 16:00:00,6.84,4/17/2020 16:00:00,137.55,4/17/2020 16:00:00,31.23
4/20/2020 16:00:00,87.9,4/20/2020 16:00:00,8.64,4/20/2020 16:00:00,26.53,4/20/2020 16:00:00,102.26,4/20/2020 16:00:00,37.21,4/20/2020 16:00:00,6.51,4/20/2020 16:00:00,134.55,4/20/2020 16:00:00,30.98
4/21/2020 16:00:00,85.2,4/21/2020 16:00:00,8.52,4/21/2020 16:00:00,26.36,4/21/2020 16:00:00,100.54,4/21/2020 16:00:00,35.71,4/21/2020 16:00:00,6.48,4/21/2020 16:00:00,130.94,4/21/2020 16:00:00,29.87
4/22/2020 16:00:00,88.77,4/22/2020 16:00:00,8.56,4/22/2020 16:00:00,25.67,4/22/2020 16:00:00,100.99,4/22/2020 16:00:00,35.73,4/22/2020 16:00:00,6.43,4/22/2020 16:00:00,132.62,4/22/2020 16:00:00,29.47
4/23/2020 16:00:00,87.35,4/23/2020 16:00:00,8.74,4/23/2020 16:00:00,26.23,4/23/2020 16:00:00,101,4/23/2020 16:00:00,36.09,4/23/2020 16:00:00,6.52,4/23/2020 16:00:00,130.26,4/23/2020 16:00:00,29.5
4/24/2020 16:00:00,88.37,4/24/2020 16:00:00,8.97,4/24/2020 16:00:00,27.64,4/24/2020 16:00:00,101.19,4/24/2020 16:00:00,37.16,4/24/2020 16:00:00,6.26,4/24/2020 16:00:00,134.36,4/24/2020 16:00:00,29.71
4/27/2020 16:00:00,89.37,4/27/2020 16:00:00,9.35,4/27/2020 16:00:00,29.73,4/27/2020 16:00:00,106.06,4/27/2020 16:00:00,38.21,4/27/2020 16:00:00,6.43,4/27/2020 16:00:00,134.46,4/27/2020 16:00:00,30.54
4/28/2020 16:00:00,88.8,4/28/2020 16:00:00,9.64,4/28/2020 16:00:00,29.16,4/28/2020 16:00:00,106.21,4/28/2020 16:00:00,38.08,4/28/2020 16:00:00,6.8,4/28/2020 16:00:00,136.32,4/28/2020 16:00:00,30.65
4/29/2020 16:00:00,88.07,4/29/2020 16:00:00,9.79,4/29/2020 16:00:00,31.45,4/29/2020 16:00:00,112.25,4/29/2020 16:00:00,39,4/29/2020 16:00:00,6.58,4/29/2020 16:00:00,133.36,4/29/2020 16:00:00,31.43
4/30/2020 16:00:00,87.18,4/30/2020 16:00:00,9.27,4/30/2020 16:00:00,29.39,4/30/2020 16:00:00,108.15,4/30/2020 16:00:00,37.63,4/30/2020 16:00:00,6.8,4/30/2020 16:00:00,132.29,4/30/2020 16:00:00,30.47
5/1/2020 16:00:00,85.54,5/1/2020 16:00:00,8.76,5/1/2020 16:00:00,27.21,5/1/2020 16:00:00,105.5,5/1/2020 16:00:00,36.98,5/1/2020 16:00:00,6.5,5/1/2020 16:00:00,130.14,5/1/2020 16:00:00,29.9
5/4/2020 16:00:00,85.75,5/4/2020 16:00:00,8.71,5/4/2020 16:00:00,27.24,5/4/2020 16:00:00,103.18,5/4/2020 16:00:00,36.22,5/4/2020 16:00:00,6.21,5/4/2020 16:00:00,130.92,5/4/2020 16:00:00,29.6
5/5/2020 16:00:00,87.2,5/5/2020 16:00:00,8.46,5/5/2020 16:00:00,27.4,5/5/2020 16:00:00,101.06,5/5/2020 16:00:00,36.05,5/5/2020 16:00:00,6.2,5/5/2020 16:00:00,131.67,5/5/2020 16:00:00,29.74
5/6/2020 16:00:00,88.44,5/6/2020 16:00:00,8.23,5/6/2020 16:00:00,27.78,5/6/2020 16:00:00,100.88,5/6/2020 16:00:00,35.14,5/6/2020 16:00:00,5.98,5/6/2020 16:00:00,130.78,5/6/2020 16:00:00,28.79
5/7/2020 16:00:00,88.56,5/7/2020 16:00:00,8.61,5/7/2020 16:00:00,27.8,5/7/2020 16:00:00,105.57,5/7/2020 16:00:00,35.58,5/7/2020 16:00:00,6.11,5/7/2020 16:00:00,131.55,5/7/2020 16:00:00,28.89
5/8/2020 16:00:00,90.46,5/8/2020 16:00:00,8.94,5/8/2020 16:00:00,29.81,5/8/2020 16:00:00,109.16,5/8/2020 16:00:00,36.53,5/8/2020 16:00:00,6.29,5/8/2020 16:00:00,134.23,5/8/2020 16:00:00,29.79
5/11/2020 16:00:00,90.93,5/11/2020 16:00:00,8,5/11/2020 16:00:00,29.88,5/11/2020 16:00:00,107.77,5/11/2020 16:00:00,36.16,5/11/2020 16:00:00,6.19,5/11/2020 16:00:00,134.38,5/11/2020 16:00:00,29.38
5/12/2020 16:00:00,88.26,5/12/2020 16:00:00,7.68,5/12/2020 16:00:00,28.52,5/12/2020 16:00:00,104.56,5/12/2020 16:00:00,35.35,5/12/2020 16:00:00,6,5/12/2020 16:00:00,132.94,5/12/2020 16:00:00,28.89
5/13/2020 16:00:00,86.02,5/13/2020 16:00:00,6.93,5/13/2020 16:00:00,27.08,5/13/2020 16:00:00,102.92,5/13/2020 16:00:00,34.97,5/13/2020 16:00:00,5.79,5/13/2020 16:00:00,132.96,5/13/2020 16:00:00,28.09
5/14/2020 16:00:00,86.55,5/14/2020 16:00:00,6.91,5/14/2020 16:00:00,27.3,5/14/2020 16:00:00,105.91,5/14/2020 16:00:00,35.76,5/14/2020 16:00:00,5.7,5/14/2020 16:00:00,133.08,5/14/2020 16:00:00,28.58
5/15/2020 16:00:00,86.99,5/15/2020 16:00:00,6.91,5/15/2020 16:00:00,27.79,5/15/2020 16:00:00,109.05,5/15/2020 16:00:00,35.92,5/15/2020 16:00:00,5.49,5/15/2020 16:00:00,135.95,5/15/2020 16:00:00,28.31
5/18/2020 16:00:00,91.04,5/18/2020 16:00:00,7.3,5/18/2020 16:00:00,29.65,5/18/2020 16:00:00,116.85,5/18/2020 16:00:00,38.09,5/18/2020 16:00:00,6.27,5/18/2020 16:00:00,135.52,5/18/2020 16:00:00,29.45
5/19/2020 16:00:00,91.51,5/19/2020 16:00:00,7.08,5/19/2020 16:00:00,28.92,5/19/2020 16:00:00,114.37,5/19/2020 16:00:00,38.21,5/19/2020 16:00:00,6.21,5/19/2020 16:00:00,131.73,5/19/2020 16:00:00,28.96
5/20/2020 16:00:00,92.95,5/20/2020 16:00:00,7.47,5/20/2020 16:00:00,29,5/20/2020 16:00:00,119.92,5/20/2020 16:00:00,39.17,5/20/2020 16:00:00,6.42,5/20/2020 16:00:00,131.26,5/20/2020 16:00:00,29.59
5/21/2020 16:00:00,94.26,5/21/2020 16:00:00,7.7,5/21/2020 16:00:00,30.84,5/21/2020 16:00:00,117.83,5/21/2020 16:00:00,38.95,5/21/2020 16:00:00,6.48,5/21/2020 16:00:00,130.21,5/21/2020 16:00:00,29.77
5/22/2020 16:00:00,93.75,5/22/2020 16:00:00,7.38,5/22/2020 16:00:00,32.09,5/22/2020 16:00:00,118.02,5/22/2020 16:00:00,38.74,5/22/2020 16:00:00,6.41,5/22/2020 16:00:00,130.48,5/22/2020 16:00:00,29.88
5/26/2020 16:00:00,96.62,5/26/2020 16:00:00,7.86,5/26/2020 16:00:00,34.5,5/26/2020 16:00:00,120.95,5/26/2020 16:00:00,39.52,5/26/2020 16:00:00,6.8,5/26/2020 16:00:00,129.75,5/26/2020 16:00:00,30.82
5/27/2020 16:00:00,99.87,5/27/2020 16:00:00,8.51,5/27/2020 16:00:00,36.46,5/27/2020 16:00:00,121.53,5/27/2020 16:00:00,39.93,5/27/2020 16:00:00,7.29,5/27/2020 16:00:00,130.81,5/27/2020 16:00:00,31.85
5/28/2020 16:00:00,98.46,5/28/2020 16:00:00,8.12,5/28/2020 16:00:00,34.93,5/28/2020 16:00:00,116.75,5/28/2020 16:00:00,39.55,5/28/2020 16:00:00,6.78,5/28/2020 16:00:00,132.29,5/28/2020 16:00:00,31.06
5/29/2020 16:00:00,98.58,5/29/2020 16:00:00,7.86,5/29/2020 16:00:00,36.06,5/29/2020 16:00:00,117.3,5/29/2020 16:00:00,39.6,5/29/2020 16:00:00,6.57,5/29/2020 16:00:00,131.55,5/29/2020 16:00:00,30.86
6/1/2020 16:00:00,99.54,6/1/2020 16:00:00,8.26,6/1/2020 16:00:00,36.46,6/1/2020 16:00:00,118.77,6/1/2020 16:00:00,40.18,6/1/2020 16:00:00,6.76,6/1/2020 16:00:00,132.99,6/1/2020 16:00:00,30.93
6/2/2020 16:00:00,100.74,6/2/2020 16:00:00,8.41,6/2/2020 16:00:00,37.8,6/2/2020 16:00:00,118.75,6/2/2020 16:00:00,40.78,6/2/2020 16:00:00,7.05,6/2/2020 16:00:00,132.63,6/2/2020 16:00:00,30.99
6/3/2020 16:00:00,104.11,6/3/2020 16:00:00,9.19,6/3/2020 16:00:00,36.74,6/3/2020 16:00:00,122.18,6/3/2020 16:00:00,41.3,6/3/2020 16:00:00,7.36,6/3/2020 16:00:00,132.82,6/3/2020 16:00:00,31.51
6/4/2020 16:00:00,101.28,6/4/2020 16:00:00,9.3,6/4/2020 16:00:00,36.85,6/4/2020 16:00:00,123.69,6/4/2020 16:00:00,41.29,6/4/2020 16:00:00,7.74,6/4/2020 16:00:00,130.57,6/4/2020 16:00:00,31.8
6/5/2020 16:00:00,102.71,6/5/2020 16:00:00,9.84,6/5/2020 16:00:00,38.44,6/5/2020 16:00:00,124.82,6/5/2020 16:00:00,42.09,6/5/2020 16:00:00,7.88,6/5/2020 16:00:00,132.44,6/5/2020 16:00:00,32.77
6/8/2020 16:00:00,104.29,6/8/2020 16:00:00,10.22,6/8/2020 16:00:00,39.37,6/8/2020 16:00:00,127.28,6/8/2020 16:00:00,43.12,6/8/2020 16:00:00,8.46,6/8/2020 16:00:00,132.21,6/8/2020 16:00:00,33.23
6/9/2020 16:00:00,102.63,6/9/2020 16:00:00,9.71,6/9/2020 16:00:00,39.23,6/9/2020 16:00:00,123.89,6/9/2020 16:00:00,42.15,6/9/2020 16:00:00,8.02,6/9/2020 16:00:00,132.97,6/9/2020 16:00:00,32.62
6/10/2020 16:00:00,102.12,6/10/2020 16:00:00,9.42,6/10/2020 16:00:00,38.02,6/10/2020 16:00:00,122.18,6/10/2020 16:00:00,41.36,6/10/2020 16:00:00,7.61,6/10/2020 16:00:00,134.13,6/10/2020 16:00:00,32.14
6/11/2020 16:00:00,95.17,6/11/2020 16:00:00,8.52,6/11/2020 16:00:00,36.17,6/11/2020 16:00:00,112.64,6/11/2020 16:00:00,39.25,6/11/2020 16:00:00,6.95,6/11/2020 16:00:00,127.84,6/11/2020 16:00:00,30.17
6/12/2020 16:00:00,96.43,6/12/2020 16:00:00,8.68,6/12/2020 16:00:00,39.41,6/12/2020 16:00:00,115.49,6/12/2020 16:00:00,39.46,6/12/2020 16:00:00,7.25,6/12/2020 16:00:00,129,6/12/2020 16:00:00,30.5
6/15/2020 16:00:00,97.84,6/15/2020 16:00:00,8.8,6/15/2020 16:00:00,39.09,6/15/2020 16:00:00,117.08,6/15/2020 16:00:00,39.83,6/15/2020 16:00:00,7.24,6/15/2020 16:00:00,130.48,6/15/2020 16:00:00,30.5
6/16/2020 16:00:00,99.04,6/16/2020 16:00:00,9.28,6/16/2020 16:00:00,40.57,6/16/2020 16:00:00,118.44,6/16/2020 16:00:00,39.75,6/16/2020 16:00:00,7.47,6/16/2020 16:00:00,131.67,6/16/2020 16:00:00,30.78
6/17/2020 16:00:00,99.21,6/17/2020 16:00:00,8.85,6/17/2020 16:00:00,41.01,6/17/2020 16:00:00,117.65,6/17/2020 16:00:00,39.22,6/17/2020 16:00:00,7.24,6/17/2020 16:00:00,131.76,6/17/2020 16:00:00,30.26
6/18/2020 16:00:00,98.45,6/18/2020 16:00:00,8.81,6/18/2020 16:00:00,41.02,6/18/2020 16:00:00,118.37,6/18/2020 16:00:00,39.44,6/18/2020 16:00:00,7.28,6/18/2020 16:00:00,132.78,6/18/2020 16:00:00,30.35
6/19/2020 16:00:00,95.78,6/19/2020 16:00:00,8.6,6/19/2020 16:00:00,39.4,6/19/2020 16:00:00,114.35,6/19/2020 16:00:00,39.1,6/19/2020 16:00:00,7.15,6/19/2020 16:00:00,131.28,6/19/2020 16:00:00,30.31
6/22/2020 16:00:00,99.51,6/22/2020 16:00:00,8.58,6/22/2020 16:00:00,41.34,6/22/2020 16:00:00,115.92,6/22/2020 16:00:00,38.44,6/22/2020 16:00:00,7.04,6/22/2020 16:00:00,131.05,6/22/2020 16:00:00,30.11
6/23/2020 16:00:00,101.92,6/23/2020 16:00:00,8.93,6/23/2020 16:00:00,41.44,6/23/2020 16:00:00,116.59,6/23/2020 16:00:00,39.2,6/23/2020 16:00:00,7,6/23/2020 16:00:00,131.36,6/23/2020 16:00:00,30.25
6/24/2020 16:00:00,100.08,6/24/2020 16:00:00,8.58,6/24/2020 16:00:00,40.92,6/24/2020 16:00:00,112.07,6/24/2020 16:00:00,38.56,6/24/2020 16:00:00,6.53,6/24/2020 16:00:00,129.56,6/24/2020 16:00:00,29.42
6/25/2020 16:00:00,101.4,6/25/2020 16:00:00,8.67,6/25/2020 16:00:00,40.43,6/25/2020 16:00:00,111.36,6/25/2020 16:00:00,38.57,6/25/2020 16:00:00,6.68,6/25/2020 16:00:00,131.41,6/25/2020 16:00:00,29.72
6/26/2020 16:00:00,93.67,6/26/2020 16:00:00,8.26,6/26/2020 16:00:00,39.71,6/26/2020 16:00:00,109.1,6/26/2020 16:00:00,38.65,6/26/2020 16:00:00,6.48,6/26/2020 16:00:00,128.93,6/26/2020 16:00:00,29.08
6/29/2020 16:00:00,95.87,6/29/2020 16:00:00,8.88,6/29/2020 16:00:00,41.55,6/29/2020 16:00:00,111.52,6/29/2020 16:00:00,38.94,6/29/2020 16:00:00,6.8,6/29/2020 16:00:00,131.08,6/29/2020 16:00:00,29.91
6/30/2020 16:00:00,98.05,6/30/2020 16:00:00,8.84,6/30/2020 16:00:00,41.26,6/30/2020 16:00:00,111.51,6/30/2020 16:00:00,38.98,6/30/2020 16:00:00,6.83,6/30/2020 16:00:00,132.26,6/30/2020 16:00:00,30.23
7/1/2020 16:00:00,97.4,7/1/2020 16:00:00,8.65,7/1/2020 16:00:00,40.61,7/1/2020 16:00:00,113.01,7/1/2020 16:00:00,39.7,7/1/2020 16:00:00,6.74,7/1/2020 16:00:00,132.36,7/1/2020 16:00:00,29.9
7/2/2020 16:00:00,98.43,7/2/2020 16:00:00,8.68,7/2/2020 16:00:00,40.76,7/2/2020 16:00:00,112.18,7/2/2020 16:00:00,39.25,7/2/2020 16:00:00,6.82,7/2/2020 16:00:00,132.85,7/2/2020 16:00:00,30.08
7/6/2020 16:00:00,99.95,7/6/2020 16:00:00,9,7/6/2020 16:00:00,40.89,7/6/2020 16:00:00,114.43,7/6/2020 16:00:00,40.33,7/6/2020 16:00:00,7,7/6/2020 16:00:00,133.3,7/6/2020 16:00:00,30.49
7/7/2020 16:00:00,97.07,7/7/2020 16:00:00,8.6,7/7/2020 16:00:00,39.8,7/7/2020 16:00:00,113.63,7/7/2020 16:00:00,40.07,7/7/2020 16:00:00,6.76,7/7/2020 16:00:00,133.57,7/7/2020 16:00:00,30.32
7/8/2020 16:00:00,98.84,7/8/2020 16:00:00,8.64,7/8/2020 16:00:00,40.3,7/8/2020 16:00:00,116.66,7/8/2020 16:00:00,39.74,7/8/2020 16:00:00,6.86,7/8/2020 16:00:00,134.22,7/8/2020 16:00:00,30.46
7/9/2020 16:00:00,96.99,7/9/2020 16:00:00,8.29,7/9/2020 16:00:00,38.77,7/9/2020 16:00:00,116.81,7/9/2020 16:00:00,39.29,7/9/2020 16:00:00,6.58,7/9/2020 16:00:00,132.71,7/9/2020 16:00:00,29.54
7/10/2020 16:00:00,97.99,7/10/2020 16:00:00,8.63,7/10/2020 16:00:00,39.88,7/10/2020 16:00:00,119.34,7/10/2020 16:00:00,40.51,7/10/2020 16:00:00,6.69,7/10/2020 16:00:00,134.46,7/10/2020 16:00:00,30.13
7/13/2020 16:00:00,96.46,7/13/2020 16:00:00,8.46,7/13/2020 16:00:00,38.75,7/13/2020 16:00:00,116.22,7/13/2020 16:00:00,40.54,7/13/2020 16:00:00,6.7,7/13/2020 16:00:00,134.91,7/13/2020 16:00:00,29.76
7/14/2020 16:00:00,96.76,7/14/2020 16:00:00,8.49,7/14/2020 16:00:00,38.93,7/14/2020 16:00:00,118.66,7/14/2020 16:00:00,41.18,7/14/2020 16:00:00,6.88,7/14/2020 16:00:00,135.52,7/14/2020 16:00:00,29.96
7/15/2020 16:00:00,98.54,7/15/2020 16:00:00,9.18,7/15/2020 16:00:00,40.61,7/15/2020 16:00:00,120.9,7/15/2020 16:00:00,41.96,7/15/2020 16:00:00,7.14,7/15/2020 16:00:00,133.69,7/15/2020 16:00:00,30.01
7/16/2020 16:00:00,97.26,7/16/2020 16:00:00,9.19,7/16/2020 16:00:00,41.28,7/16/2020 16:00:00,119.43,7/16/2020 16:00:00,42.14,7/16/2020 16:00:00,7.05,7/16/2020 16:00:00,133.88,7/16/2020 16:00:00,30.39
7/17/2020 16:00:00,96.28,7/17/2020 16:00:00,9.13,7/17/2020 16:00:00,41,7/17/2020 16:00:00,118.65,7/17/2020 16:00:00,42.18,7/17/2020 16:00:00,7.07,7/17/2020 16:00:00,134.66,7/17/2020 16:00:00,30.25
7/20/2020 16:00:00,95.65,7/20/2020 16:00:00,8.82,7/20/2020 16:00:00,40.58,7/20/2020 16:00:00,117.79,7/20/2020 16:00:00,41.95,7/20/2020 16:00:00,6.87,7/20/2020 16:00:00,133.11,7/20/2020 16:00:00,29.85
7/21/2020 16:00:00,98.36,7/21/2020 16:00:00,9.44,7/21/2020 16:00:00,42.97,7/21/2020 16:00:00,118.62,7/21/2020 16:00:00,42.57,7/21/2020 16:00:00,7.04,7/21/2020 16:00:00,134.43,7/21/2020 16:00:00,30.25
7/22/2020 16:00:00,98.91,7/22/2020 16:00:00,9.42,7/22/2020 16:00:00,44.4,7/22/2020 16:00:00,119.03,7/22/2020 16:00:00,42.57,7/22/2020 16:00:00,7.06,7/22/2020 16:00:00,136.01,7/22/2020 16:00:00,30.16
7/23/2020 16:00:00,98.3,7/23/2020 16:00:00,9.78,7/23/2020 16:00:00,44.18,7/23/2020 16:00:00,118.12,7/23/2020 16:00:00,42.49,7/23/2020 16:00:00,7.04,7/23/2020 16:00:00,137.08,7/23/2020 16:00:00,29.9
7/24/2020 16:00:00,98.43,7/24/2020 16:00:00,9.83,7/24/2020 16:00:00,44.6,7/24/2020 16:00:00,117.61,7/24/2020 16:00:00,43.35,7/24/2020 16:00:00,6.86,7/24/2020 16:00:00,136.06,7/24/2020 16:00:00,29.57
7/27/2020 16:00:00,97.21,7/27/2020 16:00:00,9.95,7/27/2020 16:00:00,46.04,7/27/2020 16:00:00,116.31,7/27/2020 16:00:00,43.56,7/27/2020 16:00:00,6.71,7/27/2020 16:00:00,137.67,7/27/2020 16:00:00,29.29
7/28/2020 16:00:00,96.27,7/28/2020 16:00:00,10.03,7/28/2020 16:00:00,45.15,7/28/2020 16:00:00,116.18,7/28/2020 16:00:00,43.21,7/28/2020 16:00:00,6.89,7/28/2020 16:00:00,137.38,7/28/2020 16:00:00,29.69
7/29/2020 16:00:00,96.97,7/29/2020 16:00:00,10.33,7/29/2020 16:00:00,46.8,7/29/2020 16:00:00,115.61,7/29/2020 16:00:00,43.9,7/29/2020 16:00:00,6.59,7/29/2020 16:00:00,137.93,7/29/2020 16:00:00,29.56
7/30/2020 16:00:00,96.82,7/30/2020 16:00:00,10.18,7/30/2020 16:00:00,46.25,7/30/2020 16:00:00,115.66,7/30/2020 16:00:00,43.67,7/30/2020 16:00:00,6.26,7/30/2020 16:00:00,137.69,7/30/2020 16:00:00,29.57
7/31/2020 16:00:00,97.61,7/31/2020 16:00:00,9.49,7/31/2020 16:00:00,45.62,7/31/2020 16:00:00,116.94,7/31/2020 16:00:00,42.8,7/31/2020 16:00:00,6.07,7/31/2020 16:00:00,137.66,7/31/2020 16:00:00,29.58
8/3/2020 16:00:00,98.33,8/3/2020 16:00:00,8.79,8/3/2020 16:00:00,44.69,8/3/2020 16:00:00,116.35,8/3/2020 16:00:00,42.88,8/3/2020 16:00:00,6.11,8/3/2020 16:00:00,136.7,8/3/2020 16:00:00,29.62
8/4/2020 16:00:00,97.33,8/4/2020 16:00:00,8.94,8/4/2020 16:00:00,46.03,8/4/2020 16:00:00,117.29,8/4/2020 16:00:00,43.21,8/4/2020 16:00:00,6.14,8/4/2020 16:00:00,137.47,8/4/2020 16:00:00,30.01
8/5/2020 16:00:00,100.94,8/5/2020 16:00:00,9.44,8/5/2020 16:00:00,46.81,8/5/2020 16:00:00,127.61,8/5/2020 16:00:00,42.29,8/5/2020 16:00:00,6.4,8/5/2020 16:00:00,136.25,8/5/2020 16:00:00,29.85
8/6/2020 16:00:00,100.45,8/6/2020 16:00:00,9.04,8/6/2020 16:00:00,45.69,8/6/2020 16:00:00,130.82,8/6/2020 16:00:00,42.87,8/6/2020 16:00:00,6.33,8/6/2020 16:00:00,135.86,8/6/2020 16:00:00,29.84
8/7/2020 16:00:00,101.86,8/7/2020 16:00:00,9.2,8/7/2020 16:00:00,45.8,8/7/2020 16:00:00,129.93,8/7/2020 16:00:00,42.81,8/7/2020 16:00:00,6.4,8/7/2020 16:00:00,136.74,8/7/2020 16:00:00,30.02
8/10/2020 16:00:00,105.41,8/10/2020 16:00:00,9.6,8/10/2020 16:00:00,46.63,8/10/2020 16:00:00,128.79,8/10/2020 16:00:00,43.02,8/10/2020 16:00:00,6.67,8/10/2020 16:00:00,135.98,8/10/2020 16:00:00,30.2
8/11/2020 16:00:00,105.12,8/11/2020 16:00:00,9.8,8/11/2020 16:00:00,46.92,8/11/2020 16:00:00,130.49,8/11/2020 16:00:00,42.99,8/11/2020 16:00:00,6.73,8/11/2020 16:00:00,135.12,8/11/2020 16:00:00,30.2
8/12/2020 16:00:00,105.22,8/12/2020 16:00:00,9.77,8/12/2020 16:00:00,46.14,8/12/2020 16:00:00,131.79,8/12/2020 16:00:00,43.34,8/12/2020 16:00:00,6.72,8/12/2020 16:00:00,137.8,8/12/2020 16:00:00,30.18
8/13/2020 16:00:00,106.52,8/13/2020 16:00:00,9.66,8/13/2020 16:00:00,46.27,8/13/2020 16:00:00,130.96,8/13/2020 16:00:00,43.39,8/13/2020 16:00:00,6.6,8/13/2020 16:00:00,138.1,8/13/2020 16:00:00,29.91
8/14/2020 16:00:00,106.43,8/14/2020 16:00:00,9.6,8/14/2020 16:00:00,46.31,8/14/2020 16:00:00,130.53,8/14/2020 16:00:00,43.77,8/14/2020 16:00:00,6.66,8/14/2020 16:00:00,137.56,8/14/2020 16:00:00,30.01
8/17/2020 16:00:00,105.66,8/17/2020 16:00:00,9.41,8/17/2020 16:00:00,45.74,8/17/2020 16:00:00,129.37,8/17/2020 16:00:00,43.53,8/17/2020 16:00:00,6.47,8/17/2020 16:00:00,137.92,8/17/2020 16:00:00,29.85
8/18/2020 16:00:00,106.97,8/18/2020 16:00:00,9.23,8/18/2020 16:00:00,44.9,8/18/2020 16:00:00,128.92,8/18/2020 16:00:00,43.54,8/18/2020 16:00:00,6.44,8/18/2020 16:00:00,138.11,8/18/2020 16:00:00,29.79
8/19/2020 16:00:00,108.39,8/19/2020 16:00:00,9.02,8/19/2020 16:00:00,46.49,8/19/2020 16:00:00,127.77,8/19/2020 16:00:00,43.32,8/19/2020 16:00:00,6.38,8/19/2020 16:00:00,136.45,8/19/2020 16:00:00,29.73
8/20/2020 16:00:00,108.01,8/20/2020 16:00:00,8.79,8/20/2020 16:00:00,45.23,8/20/2020 16:00:00,128.12,8/20/2020 16:00:00,43.27,8/20/2020 16:00:00,6.27,8/20/2020 16:00:00,136.72,8/20/2020 16:00:00,29.67
8/21/2020 16:00:00,109.75,8/21/2020 16:00:00,8.77,8/21/2020 16:00:00,46.28,8/21/2020 16:00:00,127.44,8/21/2020 16:00:00,43.07,8/21/2020 16:00:00,6.31,8/21/2020 16:00:00,136.46,8/21/2020 16:00:00,29.69
8/24/2020 16:00:00,111.83,8/24/2020 16:00:00,9.19,8/24/2020 16:00:00,47.81,8/24/2020 16:00:00,130.69,8/24/2020 16:00:00,43.8,8/24/2020 16:00:00,6.63,8/24/2020 16:00:00,137.64,8/24/2020 16:00:00,30.03
8/25/2020 16:00:00,111.51,8/25/2020 16:00:00,9.11,8/25/2020 16:00:00,46.67,8/25/2020 16:00:00,129.79,8/25/2020 16:00:00,43.41,8/25/2020 16:00:00,6.59,8/25/2020 16:00:00,137.3,8/25/2020 16:00:00,29.9
8/26/2020 16:00:00,111.53,8/26/2020 16:00:00,8.89,8/26/2020 16:00:00,53.99,8/26/2020 16:00:00,132.18,8/26/2020 16:00:00,44.2,8/26/2020 16:00:00,6.48,8/26/2020 16:00:00,138.47,8/26/2020 16:00:00,29.99
8/27/2020 16:00:00,110.84,8/27/2020 16:00:00,8.96,8/27/2020 16:00:00,53,8/27/2020 16:00:00,133.73,8/27/2020 16:00:00,44.54,8/27/2020 16:00:00,6.48,8/27/2020 16:00:00,138.4,8/27/2020 16:00:00,29.9
8/28/2020 16:00:00,112.29,8/28/2020 16:00:00,9.14,8/28/2020 16:00:00,53.16,8/28/2020 16:00:00,135.54,8/28/2020 16:00:00,44.56,8/28/2020 16:00:00,6.61,8/28/2020 16:00:00,139.94,8/28/2020 16:00:00,30.04
8/31/2020 16:00:00,111.89,8/31/2020 16:00:00,8.85,8/31/2020 16:00:00,54.12,8/31/2020 16:00:00,131.87,8/31/2020 16:00:00,44.81,8/31/2020 16:00:00,6.34,8/31/2020 16:00:00,140.06,8/31/2020 16:00:00,29.81
9/1/2020 16:00:00,114.84,9/1/2020 16:00:00,9.17,9/1/2020 16:00:00,56.6,9/1/2020 16:00:00,133.55,9/1/2020 16:00:00,45.05,9/1/2020 16:00:00,6.19,9/1/2020 16:00:00,139.19,9/1/2020 16:00:00,29.47
9/2/2020 16:00:00,116.8,9/2/2020 16:00:00,9.38,9/2/2020 16:00:00,56.13,9/2/2020 16:00:00,135.39,9/2/2020 16:00:00,45.17,9/2/2020 16:00:00,6.44,9/2/2020 16:00:00,143.29,9/2/2020 16:00:00,29.7
9/3/2020 16:00:00,112.85,9/3/2020 16:00:00,9.38,9/3/2020 16:00:00,54.78,9/3/2020 16:00:00,133.24,9/3/2020 16:00:00,44.44,9/3/2020 16:00:00,6.32,9/3/2020 16:00:00,139.37,9/3/2020 16:00:00,29.59
9/4/2020 16:00:00,112.4,9/4/2020 16:00:00,9.32,9/4/2020 16:00:00,54.9,9/4/2020 16:00:00,131.99,9/4/2020 16:00:00,44.43,9/4/2020 16:00:00,6.42,9/4/2020 16:00:00,138.76,9/4/2020 16:00:00,29.42
9/8/2020 16:00:00,112.72,9/8/2020 16:00:00,9.74,9/8/2020 16:00:00,54.17,9/8/2020 16:00:00,134.2,9/8/2020 16:00:00,43.81,9/8/2020 16:00:00,6.14,9/8/2020 16:00:00,135.55,9/8/2020 16:00:00,29.51
9/9/2020 16:00:00,114.9,9/9/2020 16:00:00,9.36,9/9/2020 16:00:00,56.38,9/9/2020 16:00:00,133.36,9/9/2020 16:00:00,44.6,9/9/2020 16:00:00,6.16,9/9/2020 16:00:00,137.11,9/9/2020 16:00:00,29.37
9/10/2020 16:00:00,114.79,9/10/2020 16:00:00,9.48,9/10/2020 16:00:00,55.89,9/10/2020 16:00:00,133.22,9/10/2020 16:00:00,44.02,9/10/2020 16:00:00,6,9/10/2020 16:00:00,134.76,9/10/2020 16:00:00,28.91
9/11/2020 16:00:00,118,9/11/2020 16:00:00,9.9,9/11/2020 16:00:00,56.26,9/11/2020 16:00:00,131.75,9/11/2020 16:00:00,44.67,9/11/2020 16:00:00,5.95,9/11/2020 16:00:00,135.81,9/11/2020 16:00:00,29
9/14/2020 16:00:00,119.28,9/14/2020 16:00:00,10.3,9/14/2020 16:00:00,57.3,9/14/2020 16:00:00,131.25,9/14/2020 16:00:00,45.27,9/14/2020 16:00:00,6.15,9/14/2020 16:00:00,136.67,9/14/2020 16:00:00,29.14
9/15/2020 16:00:00,119.27,9/15/2020 16:00:00,10.25,9/15/2020 16:00:00,57.44,9/15/2020 16:00:00,131.24,9/15/2020 16:00:00,46.46,9/15/2020 16:00:00,6.1,9/15/2020 16:00:00,135.62,9/15/2020 16:00:00,29.12
9/16/2020 16:00:00,118.59,9/16/2020 16:00:00,10.7,9/16/2020 16:00:00,58.26,9/16/2020 16:00:00,132.09,9/16/2020 16:00:00,46.81,9/16/2020 16:00:00,6.75,9/16/2020 16:00:00,134.98,9/16/2020 16:00:00,29.24
9/17/2020 16:00:00,116.36,9/17/2020 16:00:00,10.44,9/17/2020 16:00:00,58.55,9/17/2020 16:00:00,130.22,9/17/2020 16:00:00,45.58,9/17/2020 16:00:00,7.05,9/17/2020 16:00:00,133.2,9/17/2020 16:00:00,29.07
9/18/2020 16:00:00,114.66,9/18/2020 16:00:00,10.06,9/18/2020 16:00:00,58.43,9/18/2020 16:00:00,128.63,9/18/2020 16:00:00,45.26,9/18/2020 16:00:00,6.88,9/18/2020 16:00:00,131.47,9/18/2020 16:00:00,28.93
9/21/2020 16:00:00,113.37,9/21/2020 16:00:00,9.36,9/21/2020 16:00:00,57.33,9/21/2020 16:00:00,125.41,9/21/2020 16:00:00,44.68,9/21/2020 16:00:00,6.35,9/21/2020 16:00:00,131.24,9/21/2020 16:00:00,28.63
9/22/2020 16:00:00,116.87,9/22/2020 16:00:00,9.53,9/22/2020 16:00:00,56.13,9/22/2020 16:00:00,127.21,9/22/2020 16:00:00,46.19,9/22/2020 16:00:00,6.25,9/22/2020 16:00:00,132.15,9/22/2020 16:00:00,28.51
9/23/2020 16:00:00,127.11,9/23/2020 16:00:00,10,9/23/2020 16:00:00,56.47,9/23/2020 16:00:00,123.28,9/23/2020 16:00:00,45.36,9/23/2020 16:00:00,6.11,9/23/2020 16:00:00,131,9/23/2020 16:00:00,27.87
9/24/2020 16:00:00,124.75,9/24/2020 16:00:00,9.67,9/24/2020 16:00:00,54.79,9/24/2020 16:00:00,122.49,9/24/2020 16:00:00,45.7,9/24/2020 16:00:00,6.06,9/24/2020 16:00:00,131.58,9/24/2020 16:00:00,28.04
9/25/2020 16:00:00,124.23,9/25/2020 16:00:00,9.82,9/25/2020 16:00:00,55.89,9/25/2020 16:00:00,124,9/25/2020 16:00:00,46.15,9/25/2020 16:00:00,6.11,9/25/2020 16:00:00,133.55,9/25/2020 16:00:00,28.04
9/28/2020 16:00:00,124.32,9/28/2020 16:00:00,10.04,9/28/2020 16:00:00,57.81,9/28/2020 16:00:00,125.99,9/28/2020 16:00:00,46.76,9/28/2020 16:00:00,6.2,9/28/2020 16:00:00,137.97,9/28/2020 16:00:00,28.38
9/29/2020 16:00:00,126.35,9/29/2020 16:00:00,9.77,9/29/2020 16:00:00,57.13,9/29/2020 16:00:00,125.4,9/29/2020 16:00:00,46.2,9/29/2020 16:00:00,6.12,9/29/2020 16:00:00,137.16,9/29/2020 16:00:00,28.3
9/30/2020 16:00:00,125.54,9/30/2020 16:00:00,9.84,9/30/2020 16:00:00,57.88,9/30/2020 16:00:00,124.08,9/30/2020 16:00:00,46.26,9/30/2020 16:00:00,6.23,9/30/2020 16:00:00,138.6,9/30/2020 16:00:00,28.51
10/1/2020 16:00:00,126.64,10/1/2020 16:00:00,10.35,10/1/2020 16:00:00,60.25,10/1/2020 16:00:00,123.31,10/1/2020 16:00:00,46.44,10/1/2020 16:00:00,6.24,10/1/2020 16:00:00,140.8,10/1/2020 16:00:00,28.49
10/2/2020 16:00:00,126.64,10/2/2020 16:00:00,10.54,10/2/2020 16:00:00,60.17,10/2/2020 16:00:00,122.55,10/2/2020 16:00:00,45.15,10/2/2020 16:00:00,6.39,10/2/2020 16:00:00,138.06,10/2/2020 16:00:00,28.68
10/5/2020 16:00:00,127.91,10/5/2020 16:00:00,10.59,10/5/2020 16:00:00,62.13,10/5/2020 16:00:00,123.37,10/5/2020 16:00:00,45.81,10/5/2020 16:00:00,6.41,10/5/2020 16:00:00,137.93,10/5/2020 16:00:00,28.67
10/6/2020 16:00:00,127.65,10/6/2020 16:00:00,10.2,10/6/2020 16:00:00,59.91,10/6/2020 16:00:00,120.93,10/6/2020 16:00:00,44.51,10/6/2020 16:00:00,6.17,10/6/2020 16:00:00,135.7,10/6/2020 16:00:00,28.71
10/7/2020 16:00:00,130.06,10/7/2020 16:00:00,10.61,10/7/2020 16:00:00,60.7,10/7/2020 16:00:00,122.91,10/7/2020 16:00:00,44.96,10/7/2020 16:00:00,6.31,10/7/2020 16:00:00,137.01,10/7/2020 16:00:00,28.8
10/8/2020 16:00:00,129.71,10/8/2020 16:00:00,10.96,10/8/2020 16:00:00,61.43,10/8/2020 16:00:00,123.09,10/8/2020 16:00:00,45.3,10/8/2020 16:00:00,6.65,10/8/2020 16:00:00,137.85,10/8/2020 16:00:00,28.61
10/9/2020 16:00:00,130.98,10/9/2020 16:00:00,10.97,10/9/2020 16:00:00,60.76,10/9/2020 16:00:00,124.98,10/9/2020 16:00:00,44.85,10/9/2020 16:00:00,6.84,10/9/2020 16:00:00,138.44,10/9/2020 16:00:00,28.32
10/12/2020 16:00:00,129.46,10/12/2020 16:00:00,11.06,10/12/2020 16:00:00,60.73,10/12/2020 16:00:00,124.97,10/12/2020 16:00:00,45.99,10/12/2020 16:00:00,6.83,10/12/2020 16:00:00,142.13,10/12/2020 16:00:00,28.13
10/13/2020 16:00:00,129.2,10/13/2020 16:00:00,11.11,10/13/2020 16:00:00,62.04,10/13/2020 16:00:00,128.96,10/13/2020 16:00:00,45.89,10/13/2020 16:00:00,6.72,10/13/2020 16:00:00,143.54,10/13/2020 16:00:00,27.75
10/14/2020 16:00:00,127.66,10/14/2020 16:00:00,10.93,10/14/2020 16:00:00,62.33,10/14/2020 16:00:00,126.59,10/14/2020 16:00:00,45.28,10/14/2020 16:00:00,6.82,10/14/2020 16:00:00,142.52,10/14/2020 16:00:00,27.49
10/15/2020 16:00:00,129,10/15/2020 16:00:00,11.26,10/15/2020 16:00:00,63.05,10/15/2020 16:00:00,127.36,10/15/2020 16:00:00,45.11,10/15/2020 16:00:00,6.87,10/15/2020 16:00:00,141.43,10/15/2020 16:00:00,27.45
10/16/2020 16:00:00,128,10/16/2020 16:00:00,11.3,10/16/2020 16:00:00,61.48,10/16/2020 16:00:00,126.81,10/16/2020 16:00:00,45.56,10/16/2020 16:00:00,7.29,10/16/2020 16:00:00,141.73,10/16/2020 16:00:00,27.33
10/19/2020 16:00:00,127.43,10/19/2020 16:00:00,11.56,10/19/2020 16:00:00,61.15,10/19/2020 16:00:00,124.23,10/19/2020 16:00:00,44.33,10/19/2020 16:00:00,7.29,10/19/2020 16:00:00,139.68,10/19/2020 16:00:00,26.88
10/20/2020 16:00:00,128.49,10/20/2020 16:00:00,11.78,10/20/2020 16:00:00,60.42,10/20/2020 16:00:00,124.95,10/20/2020 16:00:00,44.27,10/20/2020 16:00:00,7.34,10/20/2020 16:00:00,139.71,10/20/2020 16:00:00,26.76
10/21/2020 16:00:00,129.43,10/21/2020 16:00:00,12.11,10/21/2020 16:00:00,60.19,10/21/2020 16:00:00,126.63,10/21/2020 16:00:00,44.52,10/21/2020 16:00:00,7.32,10/21/2020 16:00:00,139.6,10/21/2020 16:00:00,26.72
10/22/2020 16:00:00,130.02,10/22/2020 16:00:00,12.43,10/22/2020 16:00:00,59.53,10/22/2020 16:00:00,127.56,10/22/2020 16:00:00,45.11,10/22/2020 16:00:00,7.72,10/22/2020 16:00:00,139.61,10/22/2020 16:00:00,28.28
10/23/2020 16:00:00,129.99,10/23/2020 16:00:00,12.74,10/23/2020 16:00:00,59.58,10/23/2020 16:00:00,128.35,10/23/2020 16:00:00,45.06,10/23/2020 16:00:00,7.63,10/23/2020 16:00:00,139.56,10/23/2020 16:00:00,27.82
10/26/2020 16:00:00,128.37,10/26/2020 16:00:00,12.23,10/26/2020 16:00:00,58.48,10/26/2020 16:00:00,124.06,10/26/2020 16:00:00,43.77,10/26/2020 16:00:00,7.38,10/26/2020 16:00:00,138.06,10/26/2020 16:00:00,27.38
10/27/2020 16:00:00,127.99,10/27/2020 16:00:00,11.93,10/27/2020 16:00:00,57.66,10/27/2020 16:00:00,123.31,10/27/2020 16:00:00,43.44,10/27/2020 16:00:00,7.1,10/27/2020 16:00:00,139.12,10/27/2020 16:00:00,26.92
10/28/2020 16:00:00,122.08,10/28/2020 16:00:00,11.66,10/28/2020 16:00:00,56.05,10/28/2020 16:00:00,118.47,10/28/2020 16:00:00,41.98,10/28/2020 16:00:00,7.42,10/28/2020 16:00:00,134.17,10/28/2020 16:00:00,26.5
10/29/2020 16:00:00,122.86,10/29/2020 16:00:00,12.04,10/29/2020 16:00:00,56.18,10/29/2020 16:00:00,121.54,10/29/2020 16:00:00,43.06,10/29/2020 16:00:00,7.37,10/29/2020 16:00:00,133.99,10/29/2020 16:00:00,26.76
10/30/2020 16:00:00,120.08,10/30/2020 16:00:00,12.23,10/30/2020 16:00:00,56.65,10/30/2020 16:00:00,121.25,10/30/2020 16:00:00,42.24,10/30/2020 16:00:00,7.42,10/30/2020 16:00:00,133.29,10/30/2020 16:00:00,27.02